{"init_params": {"cat_dims": [4, 13, 4, 13, 4, 13, 4, 13, 4, 13], "cat_emb_dim": 3, "cat_idxs": [0, 1, 2, 3, 4, 5, 6, 7, 8, 9], "clip_value": 1, "device_name": "auto", "epsilon": 1e-15, "gamma": 1.5, "input_dim": 10, "lambda_sparse": 0.001, "mask_type": "sparsemax", "momentum": 0.95, "n_a": 16, "n_d": 16, "n_indep_decoder": 1, "n_independent": 2, "n_shared": 2, "n_shared_decoder": 1, "n_steps": 4, "optimizer_params": {"lr": 0.01}, "output_dim": null, "scheduler_params": {"gamma": 0.95}, "seed": 1000, "verbose": 1}, "class_attrs": {"preds_mapper": null}}