{"init_params": {"cat_dims": [74, 9, 16, 16, 7, 15, 6, 5, 2, 123, 99, 96, 42], "cat_emb_dim": 3, "cat_idxs": [0, 1, 3, 4, 5, 6, 7, 8, 9, 10, 11, 12, 13], "clip_value": 1, "device_name": "auto", "epsilon": 1e-15, "gamma": 1.5, "input_dim": 14, "lambda_sparse": 0.0001, "mask_type": "sparsemax", "momentum": 0.7, "n_a": 8, "n_d": 8, "n_indep_decoder": 1, "n_independent": 2, "n_shared": 2, "n_shared_decoder": 1, "n_steps": 5, "optimizer_params": {"lr": 0.02}, "output_dim": null, "scheduler_params": {"gamma": 0.95}, "seed": 5000, "verbose": 1}, "class_attrs": {"preds_mapper": null}}