{"init_params": {"cat_dims": [67, 185, 2, 2, 2, 2, 2, 2, 2, 2, 2, 2, 2, 2, 2, 2, 2, 2, 2, 2, 2, 2, 2, 2, 2, 2, 2, 2, 2, 2, 2, 2, 2, 2, 2, 2, 2, 2, 2, 2, 2, 2, 2, 2, 2, 2], "cat_emb_dim": 3, "cat_idxs": [2, 7, 10, 11, 12, 13, 14, 15, 16, 17, 18, 19, 20, 21, 22, 23, 24, 25, 26, 27, 28, 29, 30, 31, 32, 33, 34, 35, 36, 37, 38, 39, 40, 41, 42, 43, 44, 45, 46, 47, 48, 49, 50, 51, 52, 53], "clip_value": 1, "device_name": "auto", "epsilon": 1e-15, "gamma": 1.5, "input_dim": 54, "lambda_sparse": 0.001, "mask_type": "sparsemax", "momentum": 0.7, "n_a": 64, "n_d": 64, "n_indep_decoder": 1, "n_independent": 2, "n_shared": 2, "n_shared_decoder": 1, "n_steps": 5, "optimizer_params": {"lr": 0.02}, "output_dim": null, "scheduler_params": {"gamma": 0.95}, "seed": 2000, "verbose": 1}, "class_attrs": {"preds_mapper": null}}